,name,key confidence,min pitch,max pitch,pitch_range,bpm,velocity,Color,key_A major,key_A- major,key_B major,key_B- major,key_C major,key_C# major,key_D major,key_E major,key_E- major,key_F major,key_F# major,key_G major,key_a minor,key_b minor,key_b- minor,key_c minor,key_c# minor,key_d minor,key_e minor,key_e- minor,key_f minor,key_f# minor,key_g minor,time signature_1/4,time signature_2/4,time signature_2/8,time signature_3/4,time signature_3/8,time signature_4/4,key_g# minor,time signature_4/8
0,blue03.mid,0.7396838833240681,25,74,49,106,88,Blue,0,0,0.0,0,0,0,0,0,0,0,0,0,0,0,0,0,1,0,0,0,0,0,0,0,0,0,0,0.0,1,0.0,0.0
1,blue3.mid,0.953725698838811,35,96,61,85,79,Blue,0,0,0.0,0,0,0,0,0,0,1,0,0,0,0,0,0,0,0,0,0,0,0,0,0,0,0,0,0.0,1,0.0,0.0
2,Blue2.mid,0.7766981883022493,27,83,56,92,107,Blue,0,0,0.0,0,0,0,0,0,0,0,0,0,0,0,0,0,0,0,0,0,0,1,0,0,0,0,0,0.0,1,0.0,0.0
3,Blue-Sea.mid,0.5962468741647802,29,105,76,101,106,Blue,0,0,0.0,0,0,0,0,0,0,1,0,0,0,0,0,0,0,0,0,0,0,0,0,0,0,0,0,0.0,1,0.0,0.0
4,Blue-Tango.mid,0.9358629218191796,33,85,52,118,72,Blue,0,0,0.0,0,0,0,1,0,0,0,0,0,0,0,0,0,0,0,0,0,0,0,0,0,0,0,0,0.0,1,0.0,0.0
5,Blue-Velvet.mid,0.910180686124152,29,94,65,77,125,Blue,0,0,0.0,1,0,0,0,0,0,0,0,0,0,0,0,0,0,0,0,0,0,0,0,0,0,0,0,0.0,1,0.0,0.0
6,Blue-Waltz.mid,0.8040659299388908,22,106,84,100,90,Blue,0,0,0.0,0,0,0,0,0,1,0,0,0,0,0,0,0,0,0,0,0,0,0,0,0,0,0,1,0.0,0,0.0,0.0
7,Blue-Savannah.mid,0.5716454764129194,24,86,62,135,113,Blue,0,0,0.0,0,0,0,0,0,0,0,0,1,0,0,0,0,0,0,0,0,0,0,0,0,0,0,0,0.0,1,0.0,0.0
8,Blue-Skirt-Waltz.mid,0.9598199561038848,26,79,53,165,106,Blue,0,0,0.0,0,0,0,0,0,0,0,0,1,0,0,0,0,0,0,0,0,0,0,0,0,0,0,1,0.0,0,0.0,0.0
9,Blue-Salsa.mid,0.8178801294905388,22,108,86,166,95,Blue,0,0,0.0,0,0,0,0,0,0,0,0,0,0,0,0,1,0,0,0,0,0,0,0,0,0,0,0,0.0,1,0.0,0.0
10,Blue-Rondo.mid,0.9092370576199202,28,89,61,77,91,Blue,0,0,0.0,0,0,0,0,0,0,1,0,0,0,0,0,0,0,0,0,0,0,0,0,0,0,0,0,0.0,1,0.0,0.0
11,Blue-Monday.mid,0.4947776171824076,36,88,52,128,107,Blue,0,0,0.0,1,0,0,0,0,0,0,0,0,0,0,0,0,0,0,0,0,0,0,0,0,0,0,1,0.0,0,0.0,0.0
12,Blue-Planet.mid,0.8048391805624209,24,103,79,240,103,Blue,0,0,0.0,0,0,0,0,0,0,0,0,0,0,0,0,1,0,0,0,0,0,0,0,0,0,0,0,0.0,1,0.0,0.0
13,Blue-Lamp.mid,0.8602304783729758,9,94,85,127,104,Blue,0,0,0.0,0,0,0,0,0,0,0,0,0,0,0,1,0,0,0,0,0,0,0,0,0,0,0,0,0.0,1,0.0,0.0
14,Blue-Hotel.mid,0.8136733014827995,3,126,123,149,104,Blue,0,0,0.0,0,0,0,0,0,0,0,0,0,0,0,1,0,0,0,0,0,0,0,0,0,0,0,0,0.0,1,0.0,0.0
15,Blue-Grass-1.mid,0.9039913534342968,28,88,60,140,77,Blue,0,0,0.0,0,0,0,0,0,0,0,0,1,0,0,0,0,0,0,0,0,0,0,0,0,0,0,0,0.0,1,0.0,0.0
16,Blue-Eyes-Cryin'-In-The-Rain.mid,0.889798596038319,28,74,46,115,67,Blue,0,0,0.0,0,0,0,1,0,0,0,0,0,0,0,0,0,0,0,0,0,0,0,0,0,0,0,0,0.0,1,0.0,0.0
17,Blue-Eyes-Cryin'-In-The-Rain-3.mid,0.9195999115110663,36,105,69,110,83,Blue,0,0,0.0,0,1,0,0,0,0,0,0,0,0,0,0,0,0,0,0,0,0,0,0,0,0,0,0,0.0,1,0.0,0.0
18,Blue-Eyes-Cryin'-In-The-Rain-2.mid,0.8780302475858124,36,79,43,112,92,Blue,0,0,0.0,0,1,0,0,0,0,0,0,0,0,0,0,0,0,0,0,0,0,0,0,0,0,0,0,0.0,1,0.0,0.0
19,Blue-Eyes-4.mid,0.8078039532887539,26,106,80,100,66,Blue,0,0,0.0,1,0,0,0,0,0,0,0,0,0,0,0,0,0,0,0,0,0,0,0,0,0,0,0,0.0,1,0.0,0.0
20,Blue-Eyes-Cryin'-In-The-Rain-1.mid,0.9154936110748492,28,73,45,110,98,Blue,0,0,0.0,0,0,0,0,1,0,0,0,0,0,0,0,0,0,0,0,0,0,0,0,0,0,0,0,0.0,1,0.0,0.0
21,Blue-Eyes-2.mid,0.8879145879381405,29,89,60,71,93,Blue,0,0,0.0,1,0,0,0,0,0,0,0,0,0,0,0,0,0,0,0,0,0,0,0,0,0,0,0,0.0,1,0.0,0.0
22,Blue-Eyes-1.mid,0.8134711555671198,36,93,57,70,79,Blue,0,0,0.0,1,0,0,0,0,0,0,0,0,0,0,0,0,0,0,0,0,0,0,0,0,0,0,0,0.0,1,0.0,0.0
23,blue_wails.mid,0.6522530975032387,0,83,83,95,92,Blue,0,0,0.0,0,0,0,0,0,0,0,0,0,1,0,0,0,0,0,0,0,0,0,0,0,1,0,0,0.0,0,0.0,0.0
24,BLUE_EYE.MID,0.8111379743505044,36,93,57,70,79,Blue,0,0,0.0,1,0,0,0,0,0,0,0,0,0,0,0,0,0,0,0,0,0,0,0,0,0,0,0,0.0,1,0.0,0.0
25,Blue_Da_Ba_Dee_-_Blue__resseses_20090816170834.mid,0.8150931627301786,26,91,65,130,102,Blue,0,0,0.0,0,0,0,0,0,0,0,0,0,0,0,0,0,0,0,0,0,0,0,1,0,0,0,0,0.0,1,0.0,0.0
26,blue suede shoes L.mid,0.877703605826707,31,72,41,185,91,Blue,0,0,0.0,0,0,0,1,0,0,0,0,0,0,0,0,0,0,0,0,0,0,0,0,0,0,0,0,0.0,1,0.0,0.0
27,Blue-Blue-Night-Of-Hawaii.mid,0.8505666399769681,31,93,62,116,84,Blue,0,0,0.0,0,0,0,1,0,0,0,0,0,0,0,0,0,0,0,0,0,0,0,0,0,0,0,0,0.0,1,0.0,0.0
28,blue_vel.mid,0.910180686124152,29,94,65,77,125,Blue,0,0,0.0,1,0,0,0,0,0,0,0,0,0,0,0,0,0,0,0,0,0,0,0,0,0,0,0,0.0,1,0.0,0.0
29,blue_eyes.mid,0.9332995945698138,31,84,53,100,83,Blue,0,0,0.0,0,1,0,0,0,0,0,0,0,0,0,0,0,0,0,0,0,0,0,0,0,0,0,0,0.0,1,0.0,0.0
30,Blue moon L.mid,0.8249156932005044,31,91,60,134,103,Blue,0,0,0.0,0,1,0,0,0,0,0,0,0,0,0,0,0,0,0,0,0,0,0,0,0,0,0,0,0.0,1,0.0,0.0
31,Bjorn Akesson - Perfect Blue.mid,0.7844697692176125,35,42,7,138,100,Blue,0,0,0.0,0,0,0,0,0,0,0,1,0,0,0,0,0,0,0,0,0,0,0,0,0,0,0,0,0.0,1,0.0,0.0
32,Blue Christmas (Xmas) (Seq Harry Todd) bluxmas_ht.mid,0.9437080409321562,29,77,48,100,78,Blue,0,0,0.0,0,0,0,0,0,0,1,0,0,0,0,0,0,0,0,0,0,0,0,0,0,0,0,0,0.0,1,0.0,0.0
33,Blue Medley.mid,0.8744245277278349,35,72,37,135,89,Blue,0,0,0.0,0,1,0,0,0,0,0,0,0,0,0,0,0,0,0,0,0,0,0,0,0,0,0,0,0.0,1,0.0,0.0
34,BITTER BLUE.Kind of blue K.mid,0.8688571277417784,29,84,55,116,95,Blue,0,0,0.0,0,0,0,0,0,0,0,0,0,0,0,0,0,0,0,0,0,1,0,0,0,0,0,0,0.0,1,0.0,0.0
35,Bjorn_Akesson_-_Perfect_Blue__Pulstate_20080711193216.mid,0.7844697692176125,35,42,7,138,100,Blue,0,0,0.0,0,0,0,0,0,0,0,1,0,0,0,0,0,0,0,0,0,0,0,0,0,0,0,0,0.0,1,0.0,0.0
36,BigBlue.mid,0.8247653639316804,27,90,63,216,106,Blue,0,0,0.0,0,0,0,0,0,0,0,0,0,0,0,0,0,0,0,0,1,0,0,0,0,0,0,0,0.0,1,0.0,0.0
37,Beatles_For_You_Blue.mid,0.8489286611199391,29,89,60,135,88,Blue,0,0,0.0,0,1,0,0,0,0,0,0,0,0,0,0,0,0,0,0,0,0,0,0,0,0,0,0,0.0,1,0.0,0.0
38,Big_blue.mid,0.7042664821009176,26,84,58,120,97,Blue,0,0,0.0,0,0,0,0,0,0,1,0,0,0,0,0,0,0,0,0,0,0,0,0,0,1,0,0,0.0,0,0.0,0.0
39,BB_King_-_How_Blue_Can_You_Get.mid,0.8011886542177686,26,91,65,64,87,Blue,0,0,0.0,0,0,0,0,0,0,0,0,1,0,0,0,0,0,0,0,0,0,0,0,0,0,0,0,0.0,1,0.0,0.0
40,bblue.mid,0.4839093666113666,38,90,52,150,100,Blue,0,0,0.0,1,0,0,0,0,0,0,0,0,0,0,0,0,0,0,0,0,0,0,0,0,0,1,0,0.0,0,0.0,0.0
41,babyblue.mid,0.8244656823430067,34,86,52,65,117,Blue,0,0,0.0,0,0,0,0,0,0,0,0,0,0,0,0,0,0,1,0,0,0,0,0,0,0,0,0,0.0,1,0.0,0.0
42,Bad-Boys-Blue-(Medley).mid,0.849915504549903,18,85,67,122,93,Blue,0,0,0.0,0,0,0,0,1,0,0,0,0,0,0,0,0,0,0,0,0,0,0,0,0,0,0,0,0.0,1,0.0,0.0
43,Badfinger_-_Baby_Blue.mid,0.8408606436359286,29,82,53,130,106,Blue,0,0,0.0,0,0,0,0,0,0,1,0,0,0,0,0,0,0,0,0,0,0,0,0,0,0,0,0,0.0,1,0.0,0.0
44,Badfinger - Baby Blue.mid,0.8408606436359286,29,82,53,130,106,Blue,0,0,0.0,0,0,0,0,0,0,1,0,0,0,0,0,0,0,0,0,0,0,0,0,0,0,0,0,0.0,1,0.0,0.0
45,babyblue L.mid,0.7860835314430704,28,83,55,122,97,Blue,0,0,1.0,0,0,0,0,0,0,0,0,0,0,0,0,0,0,0,0,0,0,0,0,0,0,0,0,0.0,1,0.0,0.0
46,Ao no Exorcist - BLUE (pfs).mid,0.9297526952500844,24,96,72,65,76,Blue,0,1,0.0,0,0,0,0,0,0,0,0,0,0,0,0,0,0,0,0,0,0,0,0,0,0,0,0,0.0,1,0.0,0.0
47,Baby-Blue.mid,0.8928493335732153,36,88,52,100,71,Blue,0,0,0.0,0,1,0,0,0,0,0,0,0,0,0,0,0,0,0,0,0,0,0,0,0,0,0,0,0.0,1,0.0,0.0
48,Art of Trance - Blue Owl.mid,0.8120292379345022,36,84,48,136,95,Blue,0,0,0.0,0,0,0,0,0,0,0,0,0,0,0,0,0,0,0,0,0,1,0,0,0,0,0,0,0.0,1,0.0,0.0
49,Arpeggio of Blue Steel - Blue Fields.mid,0.8794225704161122,31,89,58,135,107,Blue,0,0,0.0,0,0,0,0,0,0,1,0,0,0,0,0,0,0,0,0,0,0,0,0,0,0,0,0,0.0,1,0.0,0.0
50,A.ALCHEMY.Blue Chip Bop.mid,0.8676675082426898,28,92,64,133,84,Blue,0,0,0.0,0,0,0,0,0,0,0,0,0,0,0,0,0,0,0,1,0,0,0,0,0,0,0,0,0.0,1,0.0,0.0
51,Blueve1.mid,0.7841390807420213,27,90,63,112,97,Blue,0,0,0.0,0,0,0,0,0,0,0,0,0,0,0,0,0,0,0,0,1,0,0,0,0,0,0,0,0.0,1,0.0,0.0
52,bluepersuation.mid,0.7657416944925601,28,126,98,98,90,Blue,0,0,0.0,0,0,0,0,0,0,0,0,0,1,0,0,0,0,0,0,0,0,0,0,0,0,0,0,0.0,1,0.0,0.0
53,bluemoon05.mid,0.8247873123128767,31,91,60,134,101,Blue,0,0,0.0,0,1,0,0,0,0,0,0,0,0,0,0,0,0,0,0,0,0,0,0,0,0,0,0,0.0,1,0.0,0.0
54,blueorchids L.mid,0.8569918976744347,28,84,56,60,82,Blue,0,0,0.0,0,0,0,0,0,1,0,0,0,0,0,0,0,0,0,0,0,0,0,0,0,0,0,0,0.0,1,0.0,0.0
55,blueonblue.mid,0.819538357723936,34,75,41,90,58,Blue,0,0,0.0,1,0,0,0,0,0,0,0,0,0,0,0,0,0,0,0,0,0,0,0,0,0,0,0,0.0,1,0.0,0.0
56,bluemoon07.mid,0.827770879877273,31,91,60,100,101,Blue,0,0,0.0,0,1,0,0,0,0,0,0,0,0,0,0,0,0,0,0,0,0,0,0,0,0,0,0,0.0,1,0.0,0.0
57,bluemoon04.mid,0.8245295172221492,33,50,17,233,82,Blue,1,0,0.0,0,0,0,0,0,0,0,0,0,0,0,0,0,0,0,0,0,0,0,0,0,0,0,0,0.0,1,0.0,0.0
58,bluemoon03.mid,0.7311589429510406,22,105,83,120,77,Blue,0,0,0.0,0,0,0,0,0,0,1,0,0,0,0,0,0,0,0,0,0,0,0,0,0,0,0,0,0.0,1,0.0,0.0
59,bluemoon3.mid,0.831250322260062,23,74,51,120,97,Blue,0,0,0.0,0,0,0,0,0,0,0,0,0,0,1,0,0,0,0,0,0,0,0,0,0,0,0,0,0.0,1,0.0,0.0
60,bluemoon2.mid,0.8953050890906292,28,72,44,120,68,Blue,0,0,0.0,0,1,0,0,0,0,0,0,0,0,0,0,0,0,0,0,0,0,0,0,0,0,0,0,0.0,1,0.0,0.0
61,BLUEMOON L.mid,0.7420023100258428,32,80,48,114,82,Blue,0,0,0.0,0,0,0,0,0,0,0,0,0,0,0,0,0,1,0,0,0,0,0,0,0,0,0,0,0.0,1,0.0,0.0
62,BlueMonday3.mid,0.8026200859433504,40,93,53,132,64,Blue,0,0,0.0,0,0,0,0,0,0,0,0,0,0,0,0,0,0,1,0,0,0,0,0,1,0,0,0,0.0,0,0.0,0.0
63,BlueMonday4.mid,0.7233181380392362,25,72,47,128,114,Blue,0,0,0.0,0,0,0,0,0,0,0,0,0,0,0,0,0,0,0,0,1,0,0,0,0,0,0,1,0.0,0,0.0,0.0
64,bluemoo2.mid,0.8660667958186906,29,101,72,120,53,Blue,0,0,0.0,0,0,0,0,0,0,1,0,0,0,0,0,0,0,0,0,0,0,0,0,0,0,0,0,0.0,1,0.0,0.0
65,BlueMonday2.mid,0.5225431328400838,24,88,64,133,95,Blue,0,0,0.0,0,1,0,0,0,0,0,0,0,0,0,0,0,0,0,0,0,0,0,0,0,0,0,0,0.0,1,0.0,0.0
66,BlueMonday.mid,0.8287169211688901,24,91,67,200,92,Blue,0,0,0.0,0,1,0,0,0,0,0,0,0,0,0,0,0,0,0,0,0,0,0,0,0,0,0,0,0.0,1,0.0,0.0
67,BlueMind.mid,0.8540416685741757,71,93,22,105,110,Blue,1,0,0.0,0,0,0,0,0,0,0,0,0,0,0,0,0,0,0,0,0,0,0,0,0,1,0,0,0.0,0,0.0,0.0
68,bluelaugh.mid,0.8979677912565796,28,76,48,80,78,Blue,0,0,0.0,0,0,0,0,0,0,0,0,0,0,1,0,0,0,0,0,0,0,0,0,0,0,0,0,0.0,1,0.0,0.0
69,bluelamp.mid,0.8628643169181601,9,94,85,126,104,Blue,0,0,0.0,0,0,0,0,0,0,0,0,0,0,0,1,0,0,0,0,0,0,0,0,0,0,0,0,0.0,1,0.0,0.0
70,bluejazmid.mid,0.6452732149580525,31,74,43,86,94,Blue,0,0,0.0,0,0,0,0,0,0,0,0,0,0,0,0,1,0,0,0,0,0,0,0,0,0,0,0,0.0,1,0.0,0.0
71,bluejay.mid,0.6330546026720311,35,79,44,80,93,Blue,0,0,0.0,0,1,0,0,0,0,0,0,0,0,0,0,0,0,0,0,0,0,0,0,0,0,0,0,0.0,1,0.0,0.0
72,blueheaven.mid,0.4880798269149873,31,86,55,150,110,Blue,0,0,0.0,0,0,0,1,0,0,0,0,0,0,0,0,0,0,0,0,0,0,0,0,0,0,0,0,0.0,1,0.0,0.0
73,Bluehill.mid,0.8609897567230465,27,96,69,120,76,Blue,0,0,0.0,0,0,0,0,0,1,0,0,0,0,0,0,0,0,0,0,0,0,0,0,0,0,0,0,0.0,1,0.0,0.0
74,bluejam.mid,0.8445276625373516,29,89,60,85,98,Blue,0,0,0.0,0,0,0,0,0,0,0,0,0,0,0,0,1,0,0,0,0,0,0,0,0,0,0,0,0.0,1,0.0,0.0
75,BlueHawaii2.mid,0.8317104894736338,35,105,70,120,56,Blue,0,0,0.0,1,0,0,0,0,0,0,0,0,0,0,0,0,0,0,0,0,0,0,0,0,0,0,0,0.0,1,0.0,0.0
76,BlueHawaii.mid,0.8317104894736338,35,105,70,120,56,Blue,0,0,0.0,1,0,0,0,0,0,0,0,0,0,0,0,0,0,0,0,0,0,0,0,0,0,0,0,0.0,1,0.0,0.0
77,bluegrass22.mid,0.9555293969766824,30,88,58,121,94,Blue,0,0,0.0,0,0,0,1,0,0,0,0,0,0,0,0,0,0,0,0,0,0,0,0,0,1,0,0,0.0,0,0.0,0.0
78,bluegrass2.mid,0.8299584449139779,29,86,57,120,96,Blue,0,0,0.0,0,0,0,0,0,0,0,0,1,0,0,0,0,0,0,0,0,0,0,0,0,0,0,0,1.0,0,0.0,0.0
79,bluegrass1.mid,0.778335235386296,33,81,48,242,109,Blue,0,0,0.0,0,0,0,1,0,0,0,0,0,0,0,0,0,0,0,0,0,0,0,0,0,0,0,0,0.0,1,0.0,0.0
80,blueflag3.mid,0.7497336129355258,36,101,65,156,99,Blue,0,0,0.0,0,0,0,0,0,0,1,0,0,0,0,0,0,0,0,0,0,0,0,0,0,0,1,0,0.0,0,0.0,0.0
81,blueeyesblue.mid,0.9135725775509556,26,88,62,134,72,Blue,0,0,0.0,0,0,0,0,1,0,0,0,0,0,0,0,0,0,0,0,0,0,0,0,0,0,0,0,0.0,1,0.0,0.0
82,BlueEyes.mid,0.8100088239103613,36,93,57,70,79,Blue,0,0,0.0,1,0,0,0,0,0,0,0,0,0,0,0,0,0,0,0,0,0,0,0,0,0,0,0,0.0,1,0.0,0.0
83,blueflag.mid,0.7235512372650378,36,101,65,156,99,Blue,0,0,0.0,0,0,0,0,0,0,1,0,0,0,0,0,0,0,0,0,0,0,0,0,0,0,1,0,0.0,0,0.0,0.0
84,blueeye.mid,0.9594607107324366,35,81,46,110,89,Blue,0,0,0.0,0,0,0,0,1,0,0,0,0,0,0,0,0,0,0,0,0,0,0,0,0,0,0,0,0.0,1,0.0,0.0
85,BlueEyes2.mid,0.8111379743505044,36,93,57,70,79,Blue,0,0,0.0,1,0,0,0,0,0,0,0,0,0,0,0,0,0,0,0,0,0,0,0,0,0,0,0,0.0,1,0.0,0.0
86,bluedreamer.mid,0.9023220426571,29,84,55,80,71,Blue,0,0,0.0,0,0,0,0,0,0,0,0,0,0,0,1,0,0,0,0,0,0,0,0,0,0,0,0,0.0,1,0.0,0.0
87,bluedanube3.mid,0.8463238918610851,27,103,76,100,69,Blue,0,0,0.0,0,0,0,0,0,1,0,0,0,0,0,0,0,0,0,0,0,0,0,0,0,0,0,0,0.0,1,0.0,0.0
88,bluedanube2.mid,0.944884016423854,40,93,53,183,125,Blue,0,0,0.0,0,0,0,1,0,0,0,0,0,0,0,0,0,0,0,0,0,0,0,0,0,0,0,1,0.0,0,0.0,0.0
89,BlueDanube.mid,0.9176474456348008,31,93,62,118,84,Blue,0,0,0.0,0,0,0,1,0,0,0,0,0,0,0,0,0,0,0,0,0,0,0,0,0,0,0,1,0.0,0,0.0,0.0
90,blueberry.mid,0.873670037277053,32,87,55,100,78,Blue,0,0,0.0,0,0,0,0,0,1,0,0,0,0,0,0,0,0,0,0,0,0,0,0,0,0,0,0,0.0,1,0.0,0.0
91,Blueberry-Hill-3.mid,0.8087868936613849,31,80,49,120,103,Blue,0,0,0.0,0,1,0,0,0,0,0,0,0,0,0,0,0,0,0,0,0,0,0,0,0,0,0,0,0.0,1,0.0,0.0
92,Blueberry-Hill-2.mid,0.846962377752325,29,82,53,82,97,Blue,0,0,0.0,1,0,0,0,0,0,0,0,0,0,0,0,0,0,0,0,0,0,0,0,0,0,0,0,0.0,1,0.0,0.0
93,blueberry_hill2.mid,0.877359260297586,31,72,41,100,108,Blue,0,0,0.0,0,1,0,0,0,0,0,0,0,0,0,0,0,0,0,0,0,0,0,0,0,0,0,0,0.0,1,0.0,0.0
94,BlueberryHill.mid,0.9341300469171794,28,81,53,100,98,Blue,1,0,0.0,0,0,0,0,0,0,0,0,0,0,0,0,0,0,0,0,0,0,0,0,0,0,0,0,0.0,1,0.0,0.0
95,bluebayou3.mid,0.7857283889008072,32,93,61,109,110,Blue,0,0,0.0,0,0,0,1,0,0,0,0,0,0,0,0,0,0,0,0,0,0,0,0,0,0,0,0,0.0,1,0.0,0.0
96,Blueberry-Hill-1.mid,0.8613488568010503,36,86,50,93,62,Blue,0,0,0.0,0,0,0,0,0,1,0,0,0,0,0,0,0,0,0,0,0,0,0,0,0,0,0,0,0.0,1,0.0,0.0
97,BlueberryHill3.mid,0.9392299896907508,28,74,46,100,92,Blue,1,0,0.0,0,0,0,0,0,0,0,0,0,0,0,0,0,0,0,0,0,0,0,0,0,0,0,0,0.0,1,0.0,0.0
98,bluebyu.mid,0.7938118719550338,29,101,72,80,68,Blue,0,0,0.0,0,1,0,0,0,0,0,0,0,0,0,0,0,0,0,0,0,0,0,0,0,0,0,0,0.0,1,0.0,0.0
99,blueda.mid,0.8049027955104062,18,87,69,129,124,Blue,0,0,0.0,0,0,0,0,0,0,0,0,0,0,0,0,0,0,0,0,0,0,0,1,0,0,0,0,0.0,1,0.0,0.0
100,BlueChristmas.mid,0.9654036909618364,35,86,51,104,63,Blue,0,0,0.0,0,0,0,0,0,0,1,0,0,0,0,0,0,0,0,0,0,0,0,0,0,0,0,0,0.0,1,0.0,0.0
101,bluecars.mid,0.8960966705693374,37,76,39,120,100,Blue,0,0,0.0,0,0,0,0,0,0,0,0,1,0,0,0,0,0,0,0,0,0,0,0,0,0,0,0,0.0,1,0.0,0.0
102,bluedanu.mid,0.9308136096562064,36,95,59,195,66,Blue,0,0,0.0,0,0,0,1,0,0,0,0,0,0,0,0,0,0,0,0,0,0,0,0,0,0,0,1,0.0,0,0.0,0.0
103,bluedan.mid,0.9448862939106784,40,93,53,183,125,Blue,0,0,0.0,0,0,0,1,0,0,0,0,0,0,0,0,0,0,0,0,0,0,0,0,0,0,0,1,0.0,0,0.0,0.0
104,bluebox.mid,0.8514936347388627,27,85,58,100,47,Blue,0,0,0.0,0,0,0,0,0,0,0,1,0,0,0,0,0,0,0,0,0,0,0,0,0,0,0,0,0.0,1,0.0,0.0
105,BlueBird.mid,0.930258437306156,27,113,86,88,76,Blue,0,0,0.0,0,0,0,0,0,0,0,0,0,0,0,0,1,0,0,0,0,0,0,0,0,0,0,0,0.0,1,0.0,0.0
106,BLUEBERY.MID,0.9331217263481246,28,76,48,75,97,Blue,1,0,0.0,0,0,0,0,0,0,0,0,0,0,0,0,0,0,0,0,0,0,0,0,0,0,0,0,0.0,1,0.0,0.0
107,bluebayou2.mid,0.9269051818571888,31,98,67,110,70,Blue,0,0,0.0,0,0,0,1,0,0,0,0,0,0,0,0,0,0,0,0,0,0,0,0,0,0,0,0,0.0,1,0.0,0.0
108,BlueBayou.mid,0.8592118456322781,28,86,58,120,72,Blue,0,0,0.0,0,0,0,0,0,0,0,0,1,0,0,0,0,0,0,0,0,0,0,0,0,0,0,0,0.0,1,0.0,0.0
109,Bluebayo.mid,0.8902038514573994,33,83,50,110,78,Blue,0,0,0.0,0,0,0,1,0,0,0,0,0,0,0,0,0,0,0,0,0,0,0,0,0,0,0,0,0.0,1,0.0,0.0
110,blueangel.mid,0.8658620110531602,21,79,58,111,71,Blue,0,0,0.0,0,0,0,0,0,0,0,0,1,0,0,0,0,0,0,0,0,0,0,0,0,0,0,0,0.0,1,0.0,0.0
111,blue08.mid,0.8674175809972791,40,77,37,169,56,Blue,0,0,0.0,0,0,0,0,0,0,0,0,0,1,0,0,0,0,0,0,0,0,0,0,0,0,0,1,0.0,0,0.0,0.0
112,blue07.mid,0.957428134668095,31,107,76,84,52,Blue,0,0,0.0,0,1,0,0,0,0,0,0,0,0,0,0,0,0,0,0,0,0,0,0,0,0,0,0,0.0,1,0.0,0.0
113,blue06.mid,0.7899516657771992,27,83,56,92,107,Blue,0,0,0.0,0,0,0,0,0,0,0,0,0,0,0,0,0,0,0,0,0,0,1,0,0,0,0,0,0.0,1,0.0,0.0
114,blue05.mid,0.8299329860520795,15,82,67,129,90,Blue,0,0,0.0,0,0,0,0,0,0,0,0,0,0,0,0,0,0,0,0,0,0,0,1,0,0,0,0,0.0,1,0.0,0.0
115,blue5.mid,0.934510453924074,63,76,13,65,100,Blue,0,0,1.0,0,0,0,0,0,0,0,0,0,0,0,0,0,0,0,0,0,0,0,0,0,0,0,0,0.0,1,0.0,0.0
116,blue04.mid,0.8674175809972791,40,77,37,169,56,Blue,0,0,0.0,0,0,0,0,0,0,0,0,0,1,0,0,0,0,0,0,0,0,0,0,0,0,0,1,0.0,0,0.0,0.0
117,The Beatles - For You Blue.mid,0.8489286611199391,29,89,60,135,88,Blue,0,0,0.0,0,1,0,0,0,0,0,0,0,0,0,0,0,0,0,0,0,0,0,0,0,0,0,0,0.0,1,0.0,0.0
118,The Beatles - Blue Jay Way.mid,0.6853292027871118,35,79,44,80,93,Blue,0,0,0.0,0,1,0,0,0,0,0,0,0,0,0,0,0,0,0,0,0,0,0,0,0,0,0,0,0.0,1,0.0,0.0
119,Paul McCartney - Bluebird.mid,0.929947642872354,26,112,86,88,75,Blue,0,0,0.0,0,0,0,0,0,0,0,0,0,0,1,0,0,0,0,0,0,0,0,0,0,0,0,0,0.0,1,0.0,0.0
120,Neil Diamond - Song Sung Blue.mid,0.8722273057329591,24,94,70,110,106,Blue,0,0,0.0,0,1,0,0,0,0,0,0,0,0,0,0,0,0,0,0,0,0,0,0,0,0,0,0,0.0,1,0.0,0.0
121,Moby - The Blue Terror of Lawns.mid,0.7670281352070011,40,81,41,86,72,Blue,0,0,0.0,0,0,0,0,0,0,0,0,0,1,0,0,0,0,0,0,0,0,0,0,0,0,0,0,0.0,1,0.0,0.0
122,Paul Mauriat - Love is Blue.mid,0.7797594164265343,36,96,60,115,64,Blue,0,0,0.0,0,0,0,1,0,0,0,0,0,0,0,0,0,0,0,0,0,0,0,0,0,0,0,0,0.0,1,0.0,0.0
123,New Order - Blue Monday.mid,0.5751970313134684,24,88,64,133,95,Blue,0,0,0.0,0,1,0,0,0,0,0,0,0,0,0,0,0,0,0,0,0,0,0,0,0,0,0,0,0.0,1,0.0,0.0
124,Orgy - Blue Monday.mid,0.5751970313134684,24,88,64,133,95,Blue,0,0,0.0,0,1,0,0,0,0,0,0,0,0,0,0,0,0,0,0,0,0,0,0,0,0,0,0,0.0,1,0.0,0.0
125,Michael Johnson - Bluer than Blue.mid,0.8523593224529058,33,84,51,123,110,Blue,0,0,0.0,0,0,1,0,0,0,0,0,0,0,0,0,0,0,0,0,0,0,0,0,0,0,0,0,0.0,1,0.0,0.0
126,Melissa Manchester - Midnight Blue.mid,0.8748958361163448,29,93,64,98,87,Blue,0,0,0.0,0,1,0,0,0,0,0,0,0,0,0,0,0,0,0,0,0,0,0,0,0,0,0,0,0.0,1,0.0,0.0
127,Linda Ronstadt - Blue Bayou.mid,0.8664488313532502,26,81,55,120,114,Blue,0,0,0.0,0,1,0,0,0,0,0,0,0,0,0,0,0,0,0,0,0,0,0,0,0,0,0,0,0.0,1,0.0,0.0
128,Marcels - Blue Moon.mid,0.8273855983812783,31,91,60,134,103,Blue,0,0,0.0,0,1,0,0,0,0,0,0,0,0,0,0,0,0,0,0,0,0,0,0,0,0,0,0,0.0,1,0.0,0.0
129,Leon Russell - Lady Blue.mid,0.7489600919457382,31,86,55,83,110,Blue,0,0,0.0,0,0,0,0,0,0,1,0,0,0,0,0,0,0,0,0,0,0,0,0,0,0,0,0,0.0,1,0.0,0.0
130,LeAnn Rimes - Blue.mid,0.7766981883022493,27,83,56,92,107,Blue,0,0,0.0,0,0,0,0,0,0,0,0,0,0,0,0,0,0,0,0,0,0,1,0,0,0,0,0,0.0,1,0.0,0.0
131,Forever-Blue.mid,0.7279141085401066,28,93,65,88,71,Blue,1,0,0.0,0,0,0,0,0,0,0,0,0,0,0,0,0,0,0,0,0,0,0,0,0,0,0,0,0.0,1,0.0,0.0
132,Electric_Blue.mid,0.8625671221828871,28,95,67,76,78,Blue,0,0,0.0,0,0,0,0,0,0,0,0,0,0,0,0,0,0,0,1,0,0,0,0,0,1,0,0,0.0,0,0.0,0.0
133,Foreigner - Blue Morning.mid,0.8342286781212337,28,86,58,121,106,Blue,0,0,0.0,0,0,0,0,0,0,0,0,0,0,1,0,0,0,0,0,0,0,0,0,0,0,0,0,0.0,1,0.0,0.0
134,Eiffel 65 - Blue Da Ba Dee.mid,0.8150931627301786,26,91,65,130,102,Blue,0,0,0.0,0,0,0,0,0,0,0,0,0,0,0,0,0,0,0,0,0,0,0,1,0,0,0,0,0.0,1,0.0,0.0
135,Forever-In-Blue-Jeans.mid,0.7935103770596735,28,88,60,93,92,Blue,1,0,0.0,0,0,0,0,0,0,0,0,0,0,0,0,0,0,0,0,0,0,0,0,0,0,0,0,0.0,1,0.0,0.0
136,Enya - Carribean Blue.mid,0.8674175809972791,40,77,37,169,56,Blue,0,0,0.0,0,0,0,0,0,0,0,0,0,1,0,0,0,0,0,0,0,0,0,0,0,0,0,1,0.0,0,0.0,0.0
137,Dj Ali - Eiffel blue.mid,0.7912233969827818,28,75,47,129,104,Blue,0,0,0.0,0,0,0,0,0,0,0,0,0,0,0,0,1,0,0,0,0,0,0,0,0,0,0,0,0.0,1,0.0,0.0
138,Devil-With-A-Blue-Dress.mid,0.7604846969677739,24,88,64,173,77,Blue,0,0,0.0,0,0,0,0,0,0,0,0,0,0,0,0,0,1,0,0,0,0,0,0,0,0,0,0,0.0,1,0.0,0.0
139,Deep_Purple_-_Rat_Bat_Blue.mid,0.8061987029717647,28,96,68,96,113,Blue,0,0,0.0,0,0,0,1,0,0,0,0,0,0,0,0,0,0,0,0,0,0,0,0,0,0,0,0,0.0,1,0.0,0.0
140,Deep Purple - Rat Bat Blue.mid,0.8061987029717647,28,96,68,96,113,Blue,0,0,0.0,0,0,0,1,0,0,0,0,0,0,0,0,0,0,0,0,0,0,0,0,0,0,0,0,0.0,1,0.0,0.0
141,Chip-Blues.mid,0.7760693386027144,29,94,65,136,108,Blue,0,0,0.0,0,0,0,0,0,0,0,0,0,0,0,0,0,0,0,0,0,1,0,0,0,0,0,0,0.0,1,0.0,0.0
142,Carl Nicholson - Blueprint (Tara_s Theme).mid,0.9318738024541188,50,79,29,149,99,Blue,0,0,0.0,0,0,0,0,0,0,0,0,0,1,0,0,0,0,0,0,0,0,0,0,0,0,0,0,0.0,1,0.0,0.0
143,Castlevania Portrait of Ruin - Iron Blue Intention.mid,0.8767096694002158,28,105,77,140,63,Blue,0,0,0.0,0,0,0,0,0,0,0,0,0,0,0,0,0,0,1,0,0,0,0,0,0,0,0,0,0.0,1,0.0,0.0
144,Concord-Blues-For-Blue.mid,0.8044884409014085,29,91,62,130,89,Blue,0,0,0.0,0,0,0,0,0,0,0,0,0,0,0,0,1,0,0,0,0,0,0,0,0,0,0,0,0.0,1,0.0,0.0
145,Caribbean-Blue.mid,0.8658503702935294,40,77,37,169,56,Blue,0,0,0.0,0,0,0,0,0,0,0,0,0,1,0,0,0,0,0,0,0,0,0,0,0,0,0,1,0.0,0,0.0,0.0
146,BOWIE.Blue Jean k.mid,0.9878887154469144,30,83,53,122,94,Blue,0,0,0.0,0,0,0,1,0,0,0,0,0,0,0,0,0,0,0,0,0,0,0,0,0,0,0,0,0.0,1,0.0,0.0
147,bonnie_blue.mid,0.8565424470558634,36,89,53,120,110,Blue,0,0,0.0,0,0,0,0,0,0,1,0,0,0,0,0,0,0,0,0,0,0,0,0,0,0,1,0,0.0,0,0.0,0.0
148,borntobeblue.mid,0.8452374990992312,21,108,87,120,82,Blue,0,0,0.0,0,0,0,0,0,0,0,0,0,1,0,0,0,0,0,0,0,0,0,0,0,0,0,0,0.0,1,0.0,0.0
149,bonnieblueflag.mid,0.7497336129355258,36,101,65,156,99,Blue,0,0,0.0,0,0,0,0,0,0,1,0,0,0,0,0,0,0,0,0,0,0,0,0,0,0,1,0,0.0,0,0.0,0.0
150,Bobby_Vinton_-_Blue_Velvet.mid,0.910180686124152,29,82,53,80,126,Blue,0,0,0.0,1,0,0,0,0,0,0,0,0,0,0,0,0,0,0,0,0,0,0,0,0,0,0,0,0.0,1,0.0,0.0
151,Bobby Vinton - Blue Velvet.mid,0.910180686124152,29,82,53,80,126,Blue,0,0,0.0,1,0,0,0,0,0,0,0,0,0,0,0,0,0,0,0,0,0,0,0,0,0,0,0,0.0,1,0.0,0.0
152,bluevelvet.mid,0.910180686124152,29,82,53,80,125,Blue,0,0,0.0,1,0,0,0,0,0,0,0,0,0,0,0,0,0,0,0,0,0,0,0,0,0,0,0,0.0,1,0.0,0.0
153,bluevelvet3.mid,0.910180686124152,36,82,46,80,126,Blue,0,0,0.0,1,0,0,0,0,0,0,0,0,0,0,0,0,0,0,0,0,0,0,0,0,0,0,0,0.0,1,0.0,0.0
154,bluevelvet03.mid,0.910180686124152,29,94,65,77,125,Blue,0,0,0.0,1,0,0,0,0,0,0,0,0,0,0,0,0,0,0,0,0,0,0,0,0,0,0,0,0.0,1,0.0,0.0
155,bluevelvet_bobbyvinton.mid,0.6490813442524008,29,101,72,81,86,Blue,1,0,0.0,0,0,0,0,0,0,0,0,0,0,0,0,0,0,0,0,0,0,0,0,0,0,0,0,0.0,1,0.0,0.0
156,BLUEYES.MID,0.9351839215899796,32,83,51,120,74,Blue,1,0,0.0,0,0,0,0,0,0,0,0,0,0,0,0,0,0,0,0,0,0,0,0,0,0,0,0,0.0,1,0.0,0.0
157,bluevelvet2.mid,0.910180686124152,29,94,65,77,125,Blue,0,0,0.0,1,0,0,0,0,0,0,0,0,0,0,0,0,0,0,0,0,0,0,0,0,0,0,0,0.0,1,0.0,0.0
158,bluevelvet L.mid,0.6402886534454586,30,98,68,81,82,Blue,0,0,0.0,1,0,0,0,0,0,0,0,0,0,0,0,0,0,0,0,0,0,0,0,0,0,0,0,0.0,1,0.0,0.0
159,Black_Identity_-_Blacker_then_Black__Public_Enemy_1_20081107130722.mid,0.7828633941084474,42,86,44,148,100,Black,0,0,0.0,0,0,0,0,0,0,0,0,0,0,0,0,0,0,0,0,0,0,1,0,0,0,0,0,0.0,1,0.0,0.0
160,Black_Diamond.mid,0.6342231955920495,27,87,60,150,99,Black,0,0,0.0,0,0,0,0,0,0,0,0,0,0,0,0,0,0,0,0,0,0,1,0,0,0,0,0,0.0,1,0.0,0.0
161,black_clouds.mid,0.8324579302340402,23,68,45,92,93,Black,0,0,0.0,0,0,0,0,0,0,0,0,0,0,0,0,0,0,0,0,1,0,0,0,0,0,0,0,0.0,1,0.0,0.0
162,black_balloon.mid,0.8741581006138716,29,85,56,103,80,Black,0,0,0.0,0,0,1,0,0,0,0,0,0,0,0,0,0,0,0,0,0,0,0,0,0,0,0,0,0.0,1,0.0,0.0
163,Black Sheep.mid,0.7580176518311219,31,71,40,112,85,Black,0,0,0.0,0,0,0,1,0,0,0,0,0,0,0,0,0,0,0,0,0,0,0,0,0,0,0,0,0.0,1,0.0,0.0
164,Black Orpheus.mid,0.8917510694839658,28,96,68,200,100,Black,0,0,0.0,0,0,0,0,0,0,0,0,0,1,0,0,0,0,0,0,0,0,0,0,0,0,0,0,0.0,1,0.0,0.0
165,Black Mountain.mid,0.8866813095470711,40,84,44,120,100,Black,0,0,0.0,0,1,0,0,0,0,0,0,0,0,0,0,0,0,0,0,0,0,0,0,0,0,0,0,0.0,1,0.0,0.0
166,Black Magic Woman 2.mid,0.8201750778448538,31,86,55,117,81,Black,0,0,0.0,0,0,0,0,0,0,0,0,0,0,0,0,0,0,1,0,0,0,0,0,0,0,0,0,0.0,1,0.0,0.0
167,Black Magic Woman 1.mid,0.8576872077537542,31,86,55,112,79,Black,0,0,0.0,0,0,0,0,0,0,0,0,0,0,0,0,0,0,1,0,0,0,0,0,0,0,0,0,0.0,1,0.0,0.0
168,Black Is the Color.mid,0.8684932663797,23,78,55,96,58,Black,0,0,0.0,0,0,0,0,1,0,0,0,0,0,0,0,0,0,0,0,0,0,0,0,0,0,0,0,0.0,1,0.0,0.0
169,Black Identity - Blckr Thn Blck (The Prophet vs. JDX Remix).mid,0.6901183598530451,49,74,25,145,100,Black,0,0,0.0,0,0,0,0,0,0,0,0,0,0,0,0,0,0,0,0,0,0,1,0,0,0,0,0,0.0,1,0.0,0.0
170,Black Identity - Blacker Then Black.mid,0.7828633941084474,42,86,44,148,100,Black,0,0,0.0,0,0,0,0,0,0,0,0,0,0,0,0,0,0,0,0,0,0,1,0,0,0,0,0,0.0,1,0.0,0.0
171,Black Hole Sun.mid,0.7066717869587906,27,90,63,52,117,Black,0,1,0.0,0,0,0,0,0,0,0,0,0,0,0,0,0,0,0,0,0,0,0,0,1,0,0,0,0.0,0,0.0,0.0
172,Black Hill.mid,0.8052641190285572,28,81,53,185,91,Black,0,0,0.0,0,0,0,0,0,0,0,0,1,0,0,0,0,0,0,0,0,0,0,0,0,0,0,0,0.0,1,0.0,0.0
173,Black Dog.mid,0.7192718209431461,28,88,60,150,114,Black,0,0,0.0,0,0,0,0,0,0,0,0,0,1,0,0,0,0,0,0,0,0,0,0,0,0,0,0,0.0,1,0.0,0.0
174,Black Clouds.mid,0.8324579302340402,23,68,45,92,93,Black,0,0,0.0,0,0,0,0,0,0,0,0,0,0,0,0,0,0,0,0,1,0,0,0,0,0,0,0,0.0,1,0.0,0.0
175,Black Friday.mid,0.6505117668089972,28,92,64,120,102,Black,0,0,0.0,0,0,0,0,0,0,0,0,0,0,0,0,0,0,0,1,0,0,0,0,0,0,0,0,0.0,1,0.0,0.0
176,Black Cow.mid,0.5271016420803523,28,86,58,94,92,Black,0,0,0.0,0,0,0,0,0,0,0,0,0,1,0,0,0,0,0,0,0,0,0,0,0,0,0,0,0.0,1,0.0,0.0
177,Black Diamond.mid,0.6342231955920495,27,87,60,150,99,Black,0,0,0.0,0,0,0,0,0,0,0,0,0,0,0,0,0,0,0,0,0,0,1,0,0,0,0,0,0.0,1,0.0,0.0
178,Black Celebration.mid,0.67317142392658,35,74,39,120,121,Black,0,0,0.0,1,0,0,0,0,0,0,0,0,0,0,0,0,0,0,0,0,0,0,0,0,0,0,0,0.0,1,0.0,0.0
179,Black Balloon.mid,0.8741581006138716,29,85,56,103,80,Black,0,0,0.0,0,0,1,0,0,0,0,0,0,0,0,0,0,0,0,0,0,0,0,0,0,0,0,0,0.0,1,0.0,0.0
180,Ben Webster - Bye Bye Blackbird.mid,0.9245264162877246,21,90,69,152,78,Black,0,0,0.0,0,0,0,0,0,0,1,0,0,0,0,0,0,0,0,0,0,0,0,0,0,0,0,0,0.0,1,0.0,0.0
181,Beatles_Blackbird.mid,0.6749640198032086,43,79,36,96,98,Black,0,0,0.0,0,1,0,0,0,0,0,0,0,0,0,0,0,0,0,0,0,0,0,0,0,0,0,0,0.0,1,0.0,0.0
182,Amorphis - Black Winterday.mid,0.9674297074266642,25,80,55,140,96,Black,0,0,0.0,0,0,0,0,0,0,0,0,0,0,0,0,0,0,0,0,0,0,0,0,0,0,0,1,0.0,0,1.0,0.0
183,Amy Winehouse - back to black.mid,0.8688599193659595,29,81,52,123,110,Black,0,0,0.0,0,0,0,0,0,0,0,0,0,0,0,0,0,0,1,0,0,0,0,0,0,0,0,0,0.0,1,0.0,0.0
184,ACDC - Back in Black.mid,0.7751946265071563,31,88,57,94,116,Black,1,0,0.0,0,0,0,0,0,0,0,0,0,0,0,0,0,0,0,0,0,0,0,0,0,0,0,0,0.0,1,0.0,0.0
185,Baby'sInBlack.mid,0.8722817770521907,36,81,45,99,96,Black,1,0,0.0,0,0,0,0,0,0,0,0,0,0,0,0,0,0,0,0,0,0,0,0,0,0,0,0,0.0,0,0.0,1.0
186,Beatles - Babys In Black.mid,0.8722817770521907,36,81,45,99,96,Black,1,0,0.0,0,0,0,0,0,0,0,0,0,0,0,0,0,0,0,0,0,0,0,0,0,0,0,0,0.0,0,0.0,1.0
187,Beatles_Babys_In_Black.mid,0.8722817770521907,36,81,45,99,96,Black,1,0,0.0,0,0,0,0,0,0,0,0,0,0,0,0,0,0,0,0,0,0,0,0,0,0,0,0,0.0,0,0.0,1.0
188,Baby_s In Black.mid,0.8722817770521907,36,81,45,99,96,Black,1,0,0.0,0,0,0,0,0,0,0,0,0,0,0,0,0,0,0,0,0,0,0,0,0,0,0,0,0.0,0,0.0,1.0
189,babys_in_black.mid,0.7964765111063131,35,66,31,100,114,Black,1,0,0.0,0,0,0,0,0,0,0,0,0,0,0,0,0,0,0,0,0,0,0,0,0,0,1,0,0.0,0,0.0,0.0
190,Beatles - Blackbird.mid,0.6749640198032086,43,79,36,96,98,Black,0,0,0.0,0,1,0,0,0,0,0,0,0,0,0,0,0,0,0,0,0,0,0,0,0,0,0,0,0.0,1,0.0,0.0
191,Alex Fakey - Painted Black.mid,0.7436628263252543,40,69,29,140,123,Black,0,0,0.0,0,0,0,0,0,0,0,0,0,0,0,0,0,0,0,1,0,0,0,0,0,0,0,0,0.0,1,0.0,0.0
192,blackdog2.mid,0.7192718209431461,28,88,60,150,114,Black,0,0,0.0,0,0,0,0,0,0,0,0,0,1,0,0,0,0,0,0,0,0,0,0,0,0,0,0,0.0,1,0.0,0.0
193,BlackCelebration2.mid,0.67317142392658,35,74,39,120,104,Black,0,0,0.0,1,0,0,0,0,0,0,0,0,0,0,0,0,0,0,0,0,0,0,0,0,0,0,0,0.0,1,0.0,0.0
194,blackfoxine.mid,0.8609389707160684,40,71,31,120,64,Black,0,0,0.0,0,0,0,0,1,0,0,0,0,0,0,0,0,0,0,0,0,0,0,0,0,0,1,0,0.0,0,0.0,0.0
195,Blackened.mid,0.603087733217332,28,88,60,72,126,Black,0,0,0.0,0,0,0,0,0,0,0,0,0,0,0,0,0,0,0,1,0,0,0,0,0,0,0,0,0.0,1,0.0,0.0
196,blackd.mid,0.8458239016573992,25,85,60,67,86,Black,0,0,0.0,0,0,0,0,0,0,0,0,0,0,0,0,0,0,0,0,0,0,0,0,0,0,0,1,0.0,0,1.0,0.0
197,BlackDog.mid,0.7359837155447541,28,88,60,150,115,Black,0,0,0.0,0,0,0,0,0,0,0,0,0,1,0,0,0,0,0,0,0,0,0,0,0,0,0,0,0.0,1,0.0,0.0
198,BlackCelebration.mid,0.67317142392658,35,74,39,120,104,Black,0,0,0.0,1,0,0,0,0,0,0,0,0,0,0,0,0,0,0,0,0,0,0,0,0,0,0,0,0.0,1,0.0,0.0
199,BlackCat.mid,0.7523664966314473,28,85,57,118,117,Black,0,0,0.0,0,0,0,0,0,0,0,0,0,1,0,0,0,0,0,0,0,0,0,0,0,0,0,0,0.0,1,0.0,0.0
200,blackbry.mid,0.815782227774281,28,83,55,122,98,Black,0,0,0.0,0,0,0,0,0,0,0,0,0,0,0,0,0,0,0,1,0,0,0,0,0,1,0,0,0.0,0,0.0,0.0
201,BlackBird4.mid,0.6749640198032086,43,79,36,96,98,Black,0,0,0.0,0,1,0,0,0,0,0,0,0,0,0,0,0,0,0,0,0,0,0,0,0,0,0,0,0.0,1,0.0,0.0
202,BlackBird.mid,0.6749640198032086,43,79,36,96,98,Black,0,0,0.0,0,1,0,0,0,0,0,0,0,0,0,0,0,0,0,0,0,0,0,0,0,0,0,0,0.0,1,0.0,0.0
203,Blackberry Blossom.mid,0.815782227774281,28,83,55,122,98,Black,0,0,0.0,0,0,0,0,0,0,0,0,0,0,0,0,0,0,0,1,0,0,0,0,0,1,0,0,0.0,0,0.0,0.0
204,BlackBird3.mid,0.6749640198032086,43,79,36,96,98,Black,0,0,0.0,0,1,0,0,0,0,0,0,0,0,0,0,0,0,0,0,0,0,0,0,0,0,0,0,0.0,1,0.0,0.0
205,BlackBird2.mid,0.5043121854628779,43,79,36,100,102,Black,0,0,0.0,0,1,0,0,0,0,0,0,0,0,0,0,0,0,0,0,0,0,0,0,0,0,0,1,0.0,0,0.0,0.0
206,Blackberry-Blossom.mid,0.815782227774281,28,83,55,122,98,Black,0,0,0.0,0,0,0,0,0,0,0,0,0,0,0,0,0,0,0,1,0,0,0,0,0,1,0,0,0.0,0,0.0,0.0
207,blackbird_2.mid,0.6749640198032086,43,79,36,96,98,Black,0,0,0.0,0,1,0,0,0,0,0,0,0,0,0,0,0,0,0,0,0,0,0,0,0,0,0,0,0.0,1,0.0,0.0
208,Blackbird-1.mid,0.6719581964042162,43,79,36,120,98,Black,0,0,0.0,0,1,0,0,0,0,0,0,0,0,0,0,0,0,0,0,0,0,0,0,0,0,0,0,0.0,1,0.0,0.0
209,blackandwhiterag.mid,0.9137938389226624,38,96,58,111,77,Black,0,0,0.0,0,0,0,0,0,0,0,0,1,0,0,0,0,0,0,0,0,0,0,0,0,1,0,0,0.0,0,0.0,0.0
210,blackb0.mid,0.8582420296490857,31,74,43,245,69,Black,0,0,0.0,0,0,0,0,0,0,0,0,0,0,0,0,0,0,0,1,0,0,0,0,0,0,0,0,0.0,1,0.0,0.0
211,Blackbird-2.mid,0.6749640198032086,43,79,36,96,98,Black,0,0,0.0,0,1,0,0,0,0,0,0,0,0,0,0,0,0,0,0,0,0,0,0,0,0,0,0,0.0,1,0.0,0.0
212,black3.mid,0.7908059295618842,28,79,51,137,120,Black,0,0,0.0,0,0,0,0,0,0,0,0,0,0,0,0,0,0,0,1,0,0,0,0,0,0,0,0,0.0,1,0.0,0.0
213,black03.mid,0.8826172124679132,46,89,43,100,100,Black,0,0,0.0,0,0,1,0,0,0,0,0,0,0,0,0,0,0,0,0,0,0,0,0,0,0,0,0,0.0,1,0.0,0.0
214,BLACK.MID,0.7888278764837244,38,86,48,76,62,Black,0,0,0.0,0,0,0,0,0,0,0,0,0,1,0,0,0,0,0,0,0,0,0,0,0,0,0,0,0.0,1,0.0,0.0
215,blackadder2.mid,0.9117744926628852,43,86,43,116,85,Black,0,0,0.0,0,0,0,0,0,0,0,0,1,0,0,0,0,0,0,0,0,0,0,0,0,0,0,0,0.0,1,0.0,0.0
216,blackadder.mid,0.9117744926628852,43,86,43,116,124,Black,0,0,0.0,0,0,0,0,0,0,0,0,1,0,0,0,0,0,0,0,0,0,0,0,0,0,0,0,0.0,1,0.0,0.0
217,BLACK.Wonderful life.mid,0.8639812883813144,28,91,63,108,111,Black,0,0,0.0,0,0,0,0,0,0,0,0,0,0,0,0,0,0,0,1,0,0,0,0,0,0,0,0,0.0,1,0.0,0.0
218,black_velvet.mid,0.9013118870880352,26,77,51,94,87,Black,0,0,0.0,0,0,0,0,0,0,0,0,0,0,0,0,0,0,1,0,0,0,0,0,1,0,0,0,0.0,0,0.0,0.0
219,BLACK_OR.MID,0.6902841615578895,23,83,60,116,99,Black,0,0,0.0,0,0,0,0,1,0,0,0,0,0,0,0,0,0,0,0,0,0,0,0,0,0,0,0,0.0,1,0.0,0.0
220,black_night.mid,0.8292456520313508,23,93,70,135,109,Black,0,0,0.0,0,0,0,0,0,0,0,0,0,0,0,0,0,0,0,1,0,0,0,0,0,0,0,0,0.0,1,0.0,0.0
221,black_magic_woman.mid,0.8265842334227661,26,86,60,118,92,Black,0,0,0.0,0,0,0,0,0,0,0,0,0,0,0,0,0,0,1,0,0,0,0,0,0,0,0,0,0.0,1,0.0,0.0
222,black_is_black2.mid,0.7807841870738583,33,81,48,120,99,Black,0,0,0.0,0,0,0,1,0,0,0,0,0,0,0,0,0,0,0,0,0,0,0,0,0,0,0,0,0.0,1,0.0,0.0
223,black_is_black_los_bravos.mid,0.7758763970257431,33,81,48,128,99,Black,0,0,0.0,0,0,0,1,0,0,0,0,0,0,0,0,0,0,0,0,0,0,0,0,0,0,0,0,0.0,1,0.0,0.0
224,Black_Identity_-_Blckr_Thn_Blck_(The_Prophet_vs._JDX_Remix)__Thomas_Gielstra_20071213141344.mid,0.658702378273458,45,61,16,148,99,Black,0,0,0.0,0,0,0,0,0,0,0,0,0,0,0,0,0,1,0,0,0,0,0,0,0,0,0,0,0.0,1,0.0,0.0
225,black_lace.mid,0.6080755631897552,33,57,24,120,100,Black,0,0,0.0,0,0,0,0,0,0,0,0,1,0,0,0,0,0,0,0,0,0,0,0,0,0,0,0,0.0,1,0.0,0.0
226,black_is_black.mid,0.7804836030411371,33,79,46,128,98,Black,0,0,0.0,0,0,0,1,0,0,0,0,0,0,0,0,0,0,0,0,0,0,0,0,0,0,0,0,0.0,1,0.0,0.0
227,Black_Identity_-_Blckr_Thn_Blck_(The_Prophet_vs._JDX_Remix)__traxxboy_20071116141443.mid,0.840486462162629,49,74,25,145,100,Black,0,0,0.0,0,0,0,0,0,0,0,0,0,0,0,0,0,0,0,0,0,0,1,0,0,0,0,0,0.0,1,0.0,0.0
228,Black_Identity_(The_Prophet_vs._JDX_Remix)__-_Blckr_Thn_Blck__Michie_20071213140721.mid,0.6901183598530451,49,74,25,145,100,Black,0,0,0.0,0,0,0,0,0,0,0,0,0,0,0,0,0,0,0,0,0,0,1,0,0,0,0,0,0.0,1,0.0,0.0
229,blaksmth.mid,0.7600597721971467,38,86,48,210,98,Black,0,0,0.0,0,0,0,1,0,0,0,0,0,0,0,0,0,0,0,0,0,0,0,0,0,0,0,0,0.0,1,0.0,0.0
230,blakbird.mid,0.6941585064798491,57,83,26,70,115,Black,0,0,0.0,0,0,0,1,0,0,0,0,0,0,0,0,0,0,0,0,0,0,0,0,0,1,0,0,0.0,0,0.0,0.0
231,blakmary.mid,0.9580205963502104,43,72,29,104,105,Black,0,0,0.0,0,1,0,0,0,0,0,0,0,0,0,0,0,0,0,0,0,0,0,0,0,0,0,0,0.0,1,0.0,0.0
232,blaknite.mid,0.8292456520313508,23,93,70,135,109,Black,0,0,0.0,0,0,0,0,0,0,0,0,0,0,0,0,0,0,0,1,0,0,0,0,0,0,0,0,0.0,1,0.0,0.0
233,blakbear.mid,0.8543721985007897,34,77,43,106,85,Black,0,0,0.0,0,0,0,0,0,0,1,0,0,0,0,0,0,0,0,0,0,0,0,0,0,1,0,0,0.0,0,0.0,0.0
234,blakbrd.mid,0.7882209245848781,35,79,44,133,115,Black,0,0,0.0,0,0,0,0,0,0,0,0,0,1,0,0,0,0,0,0,0,0,0,0,0,0,0,0,0.0,1,0.0,0.0
235,blackwhi.mid,0.76945865061072,23,88,65,114,92,Black,1,0,0.0,0,0,0,0,0,0,0,0,0,0,0,0,0,0,0,0,0,0,0,0,0,0,0,0,0.0,1,0.0,0.0
236,blackwater.mid,0.7603429637713988,26,88,62,163,96,Black,0,0,0.0,0,0,0,0,0,0,0,0,0,0,0,0,0,0,1,0,0,0,0,0,0,0,0,0,0.0,1,0.0,0.0
237,blackvelvet3.mid,0.7501138338801114,26,86,60,200,94,Black,0,0,0.0,0,0,0,0,0,0,0,0,0,0,0,0,0,0,0,1,0,0,0,0,0,0,0,0,0.0,1,0.0,0.0
238,blackvelvet2.mid,0.8432271574257024,26,91,65,94,112,Black,0,0,0.0,0,0,0,0,0,0,0,0,0,0,0,0,0,0,0,1,0,0,0,0,0,0,0,0,0.0,1,0.0,0.0
239,blackvelvet.mid,0.8606209603420764,26,88,62,97,110,Black,0,0,0.0,0,0,0,0,0,0,0,0,0,1,0,0,0,0,0,0,0,0,0,0,0,0,0,0,0.0,1,0.0,0.0
240,blackst2.mid,0.6869098420321056,28,91,63,126,106,Black,0,0,0.0,0,1,0,0,0,0,0,0,0,0,0,0,0,0,0,0,0,0,0,0,0,0,0,1,0.0,0,0.0,0.0
241,blackvel.mid,0.8606209603420764,26,88,62,97,110,Black,0,0,0.0,0,0,0,0,0,0,0,0,0,1,0,0,0,0,0,0,0,0,0,0,0,0,0,0,0.0,1,0.0,0.0
242,blackstar.mid,0.7497110899131058,23,76,53,106,73,Black,0,0,0.0,0,0,0,0,0,0,0,0,0,0,1,0,0,0,0,0,0,0,0,0,0,0,0,0,0.0,1,0.0,0.0
243,BLACKSMT.MID,0.8604652106043666,33,81,48,185,73,Black,0,0,0.0,0,0,0,0,0,0,0,0,1,0,0,0,0,0,0,0,0,0,0,0,0,0,0,1,0.0,0,0.0,0.0
244,blacksmith.mid,0.9194767833762744,35,90,55,80,98,Black,0,0,0.0,0,0,0,0,1,0,0,0,0,0,0,0,0,0,0,0,0,0,0,0,0,0,0,0,0.0,1,0.0,0.0
245,blackriver.mid,0.5857519298262703,21,88,67,110,94,Black,0,0,0.0,0,0,0,0,0,0,0,0,0,0,0,0,0,0,1,0,0,0,0,0,0,0,0,0,0.0,1,0.0,0.0
246,blackomen2.mid,0.3635734082023871,29,98,69,80,68,Black,0,0,0.0,0,0,0,0,0,0,0,0,0,0,0,0,0,0,0,0,0,0,0,1,0,0,0,1,0.0,0,0.0,0.0
247,blackomen.mid,0.3635734082023871,29,98,69,80,68,Black,0,0,0.0,0,0,0,0,0,0,0,0,0,0,0,0,0,0,0,0,0,0,0,1,0,0,0,1,0.0,0,0.0,0.0
248,blacknight.mid,0.7908059295618842,28,79,51,137,120,Black,0,0,0.0,0,0,0,0,0,0,0,0,0,0,0,0,0,0,0,1,0,0,0,0,0,0,0,0,0.0,1,0.0,0.0
249,blackmgcwmn.mid,0.8387928650481938,17,84,67,120,92,Black,0,0,0.0,0,0,0,0,0,0,0,0,0,0,0,0,1,0,0,0,0,0,0,0,0,0,0,0,0.0,1,0.0,0.0
250,BlackMountainSide.mid,0.7418498961193003,38,81,43,100,100,Black,0,0,0.0,0,0,0,0,0,0,0,0,1,0,0,0,0,0,0,0,0,0,0,0,0,1,0,0,0.0,0,0.0,0.0
251,blackmagicwoman2.mid,0.8380759108716556,26,98,72,126,90,Black,0,0,0.0,0,0,0,0,0,0,0,0,0,0,0,0,0,0,1,0,0,0,0,0,0,0,0,0,0.0,1,0.0,0.0
252,BlackMarket.mid,0.8234768363013205,21,89,68,120,80,Black,0,0,0.0,0,0,0,0,0,0,0,0,0,0,0,0,0,0,0,0,0,1,0,0,0,0,0,0,0.0,1,0.0,0.0
253,blackmagic.mid,0.697632071142154,31,86,55,120,114,Black,0,0,0.0,0,0,0,0,0,0,0,0,0,0,0,0,0,0,1,0,0,0,0,0,0,0,0,0,0.0,1,0.0,0.0
254,Blackmoremore.mid,0.8460123336084381,35,71,36,128,108,Black,0,0,0.0,0,0,0,0,0,0,0,0,0,0,0,0,0,0,0,0,0,0,1,0,0,0,0,0,0.0,1,0.0,0.0
255,blackmg.mid,0.697632071142154,31,86,55,120,114,Black,0,0,0.0,0,0,0,0,0,0,0,0,0,0,0,0,0,0,1,0,0,0,0,0,0,0,0,0,0.0,1,0.0,0.0
256,BlackMagicWoman.mid,0.871121766333521,36,86,50,120,80,Black,0,0,0.0,0,0,0,0,0,0,0,0,0,0,0,0,0,0,1,0,0,0,0,0,0,0,0,0,0.0,1,0.0,0.0
257,blackmag2.mid,0.8352758988024206,26,86,60,118,109,Black,0,0,0.0,0,0,0,0,0,0,0,0,0,0,0,0,0,0,1,0,0,0,0,0,0,0,0,0,0.0,1,0.0,0.0
258,blackmag.mid,0.8210716747063054,26,86,60,118,93,Black,0,0,0.0,0,0,0,0,0,0,0,0,0,0,0,0,0,0,1,0,0,0,0,0,0,0,0,0,0.0,1,0.0,0.0
259,blackisblack.mid,0.7758763970257431,33,81,48,128,99,Black,0,0,0.0,0,0,0,1,0,0,0,0,0,0,0,0,0,0,0,0,0,0,0,0,0,0,0,0,0.0,1,0.0,0.0
260,blackice.mid,0.903888047891018,31,98,67,100,64,Black,0,0,0.0,0,0,0,0,0,0,0,0,0,0,0,0,1,0,0,0,0,0,0,0,0,0,0,0,0.0,1,0.0,0.0
261,BlackKey.mid,0.9139731368200802,32,99,67,100,57,Black,0,0,0.0,0,0,0,0,0,0,0,1,0,0,0,0,0,0,0,0,0,0,0,0,0,0,0,0,0.0,1,0.0,0.0
262,blackhle.mid,0.7362938883199667,36,94,58,78,118,Black,0,0,0.0,0,0,0,0,0,0,0,0,0,0,0,0,0,0,0,0,0,0,0,1,0,0,0,0,0.0,1,0.0,0.0
263,Blackhole.mid,0.7463334178831066,28,94,66,78,117,Black,0,0,0.0,0,0,0,0,0,0,0,0,0,0,0,0,0,0,0,0,0,0,0,1,0,0,0,0,0.0,1,0.0,0.0
264,blackhole2.mid,0.7569787507948907,27,90,63,42,113,Black,0,1,0.0,0,0,0,0,0,0,0,0,0,0,0,0,0,0,0,0,0,0,0,0,1,0,0,0,0.0,0,0.0,0.0
265,Blackjack.mid,0.7616966194093034,29,81,52,288,94,Black,0,0,0.0,0,0,0,0,0,0,0,0,1,0,0,0,0,0,0,0,0,0,0,0,0,0,0,0,0.0,1,0.0,0.0
266,blackhillsgold.mid,0.8079161672979301,33,83,50,46,97,Black,0,0,0.0,0,0,0,0,0,0,0,0,0,1,0,0,0,0,0,0,0,0,0,0,0,0,0,0,0.0,1,0.0,0.0
267,BLACKHAWKE.I'm not strong enough.MID,0.9282651894004736,25,80,55,110,78,Black,0,0,0.0,0,0,1,0,0,0,0,0,0,0,0,0,0,0,0,0,0,0,0,0,0,0,0,0,0.0,1,0.0,0.0
268,BlackFriday.mid,0.7402933945756653,26,86,60,130,114,Black,0,0,0.0,0,0,0,0,0,0,0,0,0,0,0,0,0,0,0,1,0,0,0,0,0,0,0,0,0.0,1,0.0,0.0
269,White Zombie - Black Sunshine.mid,0.7518716707377895,28,76,48,165,103,Black,0,0,0.0,0,0,0,0,0,0,0,0,0,0,0,0,0,0,0,1,0,0,0,0,0,1,0,0,0.0,0,0.0,0.0
270,Will Smith - Men In Black.mid,0.8776489566368108,29,98,69,115,98,Black,0,0,0.0,0,0,0,0,0,0,0,0,0,0,0,0,0,0,0,0,0,0,0,1,0,0,0,0,0.0,1,0.0,0.0
271,The Black Ball Line.mid,0.8707412032060927,27,87,60,120,75,Black,0,0,0.0,0,0,0,0,0,1,0,0,0,0,0,0,0,0,0,0,0,0,0,0,1,0,0,0,0.0,0,0.0,0.0
272,Soundgarden - Black Hole Sun.mid,0.7084576421686719,27,90,63,52,117,Black,0,1,0.0,0,0,0,0,0,0,0,0,0,0,0,0,0,0,0,0,0,0,0,0,1,0,0,0,0.0,0,0.0,0.0
273,Slayer - Black Magic.mid,0.5963081464092761,36,87,51,164,95,Black,0,1,0.0,0,0,0,0,0,0,0,0,0,0,0,0,0,0,0,0,0,0,0,0,0,0,0,0,0.0,1,0.0,0.0
274,Megadeth - Good Mourning Black Friday.mid,0.7072929174783956,27,85,58,115,92,Black,0,0,0.0,0,0,0,0,0,0,0,0,0,0,0,1,0,0,0,0,0,0,0,0,0,0,0,0,0.0,1,0.0,0.0
275,Los Bravos - Black Is Black.mid,0.7758763970257431,33,81,48,128,99,Black,0,0,0.0,0,0,0,1,0,0,0,0,0,0,0,0,0,0,0,0,0,0,0,0,0,0,0,0,0.0,1,0.0,0.0
276,In Flames - Artifacts Of The Black Rain.mid,0.8919685693246528,39,78,39,135,93,Black,0,0,0.0,0,0,0,0,0,0,0,0,0,0,0,0,1,0,0,0,0,0,0,0,0,0,0,0,0.0,1,0.0,0.0
277,Chasing The Black - Caped Man.mid,0.7597288621090642,40,96,56,100,94,Black,0,0,0.0,0,0,0,0,0,0,0,0,0,1,0,0,0,0,0,0,0,0,0,0,0,0,0,0,0.0,1,0.0,0.0
278,bob_dylan-man_in_the_long_black_coat.mid,0.877952295588514,31,76,45,76,80,Black,0,0,0.0,0,0,0,0,0,0,0,0,0,1,0,0,0,0,0,0,0,0,0,0,0,0,1,0,0.0,0,0.0,0.0
279,Cradle Of Filth - The Black Goddess Rises.mid,0.2812224207778073,26,84,58,110,94,Black,0,0,0.0,0,0,0,0,0,0,0,0,1,0,0,0,0,0,0,0,0,0,0,0,0,0,0,0,0.0,1,0.0,0.0
280,Bluegrass - Black Mountain Rag.mid,0.8866813095470711,40,84,44,250,100,Black,0,0,0.0,0,1,0,0,0,0,0,0,0,0,0,0,0,0,0,0,0,0,0,0,0,0,0,0,0.0,1,0.0,0.0
281,Bluegrass_-_Black_Mountain_Rag.mid,0.8866813095470711,40,84,44,250,100,Black,0,0,0.0,0,1,0,0,0,0,0,0,0,0,0,0,0,0,0,0,0,0,0,0,0,0,0,0,0.0,1,0.0,0.0
282,Bluegrass_Black_Mountain_Rag.mid,0.8866813095470711,40,84,44,250,100,Black,0,0,0.0,0,1,0,0,0,0,0,0,0,0,0,0,0,0,0,0,0,0,0,0,0,0,0,0,0.0,1,0.0,0.0
283,Horst Jankowski - A Walk In The Black Forest.mid,0.6806993147604664,28,92,64,112,82,Black,0,0,0.0,0,0,0,1,0,0,0,0,0,0,0,0,0,0,0,0,0,0,0,0,0,0,0,0,0.0,1,0.0,0.0
284,Bob Dylan - Man In The Long Black Coat.mid,0.877952295588514,31,76,45,76,80,Black,0,0,0.0,0,0,0,0,0,0,0,0,0,1,0,0,0,0,0,0,0,0,0,0,0,0,1,0,0.0,0,0.0,0.0
285,Brainkicker vs Noise Controllers - Always Black.mid,0.7206528503386427,43,72,29,146,100,Black,0,0,0.0,0,0,0,0,0,0,0,0,0,0,0,0,0,0,0,1,0,0,0,0,0,0,0,0,0.0,1,0.0,0.0
286,Brainkicker_vs_Noise_Controllers_-_Always_Black__D.jet_20071116141522.mid,0.7206528503386427,43,72,29,146,100,Black,0,0,0.0,0,0,0,0,0,0,0,0,0,0,0,0,0,0,0,1,0,0,0,0,0,0,0,0,0.0,1,0.0,0.0
